2,1
3,1
3,2
5,4
6,2
6,4
6,5
7,1
7,3
8,1
8,2
8,3
8,7
9,1
9,2
9,4
9,5
9,6
9,7
9,8
10,7
11,4
11,5
11,6
11,7
11,9
11,10
12,4
12,5
12,6
12,9
12,11
13,4
13,5
13,6
13,9
13,11
13,12
14,4
14,5
14,6
14,9
14,11
14,12
14,13
15,1
15,2
15,3
15,7
15,8
15,9
16,4
16,5
16,6
16,9
16,11
16,12
16,13
16,14
17,4
17,5
17,6
17,9
17,10
17,11
17,12
17,13
17,14
17,16
18,1
18,2
18,3
18,8
18,9
18,15
19,1
19,7
19,8
19,10
19,11
19,15
20,4
20,5
20,6
20,9
20,11
20,12
20,13
20,14
20,16
20,17
21,4
21,5
21,6
21,9
21,11
21,12
21,13
21,14
21,16
21,17
21,20
22,1
22,2
22,3
22,7
22,8
22,15
22,18
22,19
23,2
23,6
23,9
23,12
23,13
23,14
23,21
24,1
24,2
24,3
24,7
24,8
24,9
24,15
24,18
24,22
25,1
25,2
25,3
25,7
25,8
25,15
25,18
25,22
25,24
26,7
26,8
26,10
26,11
26,19
27,1
27,2
27,3
27,7
27,8
27,9
27,15
27,18
27,22
27,24
27,25
28,4
28,5
28,6
28,7
28,8
28,9
28,10
28,11
28,14
28,15
28,17
28,19
28,20
28,26
29,1
29,2
29,3
29,6
29,7
29,8
29,9
29,11
29,14
29,15
29,17
29,18
29,19
29,22
29,24
29,25
29,26
29,27
29,28
30,1
30,2
30,3
30,7
30,8
30,15
30,18
30,19
30,22
30,24
30,25
30,26
30,27
30,28
30,29
31,4
31,5
31,6
31,7
31,9
31,10
31,11
31,12
31,13
31,14
31,16
31,17
31,19
31,20
31,21
31,26
31,28
31,29
32,4
32,5
32,6
32,7
32,9
32,10
32,11
32,12
32,14
32,17
32,19
32,20
32,21
32,26
32,28
32,29
32,31
33,2
33,4
33,6
33,9
33,12
33,13
33,14
33,16
33,20
33,21
33,23
34,4
34,6
34,9
34,12
34,13
34,14
34,16
34,20
34,21
34,23
34,33
35,2
35,4
35,5
35,6
35,9
35,11
35,12
35,13
35,14
35,16
35,17
35,20
35,21
35,23
35,29
35,31
35,33
35,34
36,5
36,7
36,10
36,11
36,14
36,17
36,19
36,26
36,28
36,29
36,31
36,32
37,1
37,2
37,4
37,5
37,6
37,7
37,8
37,9
37,10
37,11
37,12
37,13
37,14
37,15
37,17
37,19
37,20
37,21
37,26
37,28
37,29
37,31
37,32
37,33
37,35
37,36
38,1
38,2
38,3
38,6
38,7
38,8
38,9
38,10
38,11
38,14
38,15
38,17
38,18
38,19
38,22
38,24
38,25
38,26
38,27
38,28
38,29
38,30
38,31
38,32
38,36
38,37
39,4
39,5
39,6
39,9
39,11
39,12
39,13
39,14
39,16
39,17
39,20
39,21
39,28
39,31
39,32
39,33
39,34
39,35
39,37
40,4
40,5
40,6
40,7
40,9
40,10
40,11
40,14
40,15
40,17
40,19
40,20
40,26
40,28
40,29
40,30
40,31
40,32
40,35
40,36
40,37
40,38
40,39
41,1
41,2
41,3
41,6
41,8
41,9
41,15
41,18
41,22
41,23
41,24
41,25
41,27
41,29
41,30
41,35
41,37
41,38
42,1
42,2
42,3
42,4
42,6
42,7
42,8
42,9
42,11
42,12
42,13
42,14
42,15
42,17
42,18
42,20
42,21
42,23
42,24
42,27
42,28
42,29
42,31
42,33
42,34
42,35
42,37
42,38
42,39
42,40
42,41
43,1
43,2
43,3
43,7
43,8
43,9
43,15
43,18
43,19
43,22
43,24
43,25
43,26
43,27
43,28
43,29
43,30
43,36
43,37
43,38
43,40
43,41
43,42
44,2
44,6
44,9
44,12
44,13
44,23
44,33
44,34
44,35
44,42
45,4
45,5
45,6
45,9
45,10
45,11
45,12
45,13
45,14
45,16
45,17
45,20
45,21
45,28
45,31
45,32
45,35
45,36
45,37
45,39
45,40
46,4
46,5
46,6
46,7
46,9
46,10
46,11
46,14
46,17
46,19
46,20
46,26
46,28
46,29
46,31
46,32
46,36
46,37
46,38
46,39
46,40
46,43
46,45
47,2
47,4
47,6
47,9
47,11
47,12
47,13
47,14
47,15
47,16
47,17
47,18
47,20
47,21
47,23
47,24
47,27
47,29
47,31
47,33
47,34
47,35
47,37
47,38
47,39
47,41
47,42
47,44
48,4
48,5
48,6
48,9
48,11
48,12
48,13
48,14
48,16
48,17
48,20
48,21
48,23
48,31
48,33
48,34
48,35
48,37
48,39
48,42
48,44
48,45
48,47
49,1
49,2
49,3
49,7
49,8
49,9
49,15
49,18
49,19
49,22
49,24
49,25
49,26
49,27
49,28
49,29
49,30
49,37
49,38
49,40
49,41
49,42
49,43
50,2
50,4
50,6
50,9
50,12
50,13
50,14
50,15
50,18
50,20
50,21
50,23
50,24
50,27
50,29
50,33
50,34
50,35
50,37
50,39
50,41
50,42
50,44
50,47
50,48
51,1
51,2
51,3
51,4
51,5
51,6
51,7
51,8
51,9
51,11
51,12
51,13
51,14
51,15
51,17
51,18
51,19
51,20
51,21
51,23
51,24
51,26
51,27
51,28
51,29
51,30
51,31
51,32
51,33
51,35
51,36
51,37
51,38
51,39
51,40
51,41
51,42
51,43
51,45
51,46
51,47
51,48
51,49
51,50
52,4
52,6
52,9
52,12
52,13
52,14
52,16
52,20
52,21
52,23
52,33
52,34
52,35
52,39
52,42
52,44
52,47
52,48
52,50
53,1
53,2
53,3
53,7
53,8
53,15
53,18
53,22
53,24
53,25
53,27
53,29
53,30
53,38
53,41
53,43
53,49
54,2
54,6
54,9
54,13
54,18
54,23
54,33
54,34
54,35
54,41
54,42
54,44
54,47
54,48
54,50
54,51
54,52
55,1
55,2
55,3
55,6
55,9
55,15
55,18
55,23
55,24
55,27
55,29
55,33
55,35
55,41
55,42
55,44
55,47
55,49
55,50
55,51
55,54
56,4
56,6
56,9
56,12
56,13
56,14
56,16
56,21
56,23
56,33
56,34
56,35
56,42
56,44
56,47
56,48
56,50
56,52
56,54
56,55
57,1
57,3
57,7
57,8
57,10
57,15
57,19
57,22
57,24
57,25
57,26
57,27
57,28
57,29
57,30
57,36
57,37
57,38
57,40
57,43
57,46
57,49
57,51
57,53
58,4
58,5
58,6
58,11
58,12
58,13
58,14
58,16
58,17
58,20
58,21
58,31
58,33
58,34
58,35
58,39
58,45
58,47
58,48
58,52
58,56
59,4
59,6
59,9
59,12
59,13
59,14
59,16
59,20
59,21
59,23
59,33
59,34
59,35
59,39
59,42
59,44
59,47
59,48
59,50
59,51
59,52
59,54
59,55
59,56
59,58
60,4
60,5
60,12
60,16
60,17
60,20
60,21
60,39
60,45
60,48
60,58
61,4
61,5
61,12
61,16
61,17
61,20
61,21
61,39
61,45
61,48
61,58
61,60
62,4
62,5
62,6
62,9
62,11
62,12
62,13
62,14
62,16
62,17
62,20
62,21
62,23
62,31
62,32
62,33
62,34
62,35
62,37
62,39
62,42
62,44
62,45
62,47
62,48
62,50
62,51
62,52
62,56
62,58
62,59
62,60
62,61
63,4
63,5
63,6
63,11
63,12
63,13
63,14
63,16
63,17
63,20
63,21
63,31
63,33
63,34
63,35
63,39
63,45
63,47
63,48
63,52
63,56
63,58
63,59
63,60
63,61
63,62
64,2
64,4
64,5
64,6
64,7
64,8
64,9
64,11
64,12
64,13
64,14
64,15
64,16
64,17
64,19
64,20
64,21
64,26
64,28
64,29
64,31
64,32
64,33
64,34
64,35
64,36
64,37
64,38
64,39
64,40
64,41
64,42
64,43
64,45
64,46
64,47
64,48
64,49
64,50
64,51
64,52
64,58
64,59
64,62
64,63
65,2
65,6
65,9
65,12
65,13
65,14
65,16
65,21
65,23
65,33
65,34
65,35
65,41
65,42
65,44
65,47
65,48
65,50
65,51
65,52
65,54
65,55
65,56
65,59
65,62
65,64
66,1
66,2
66,4
66,5
66,6
66,7
66,8
66,9
66,11
66,12
66,13
66,14
66,15
66,17
66,18
66,19
66,20
66,21
66,23
66,24
66,27
66,28
66,29
66,30
66,31
66,32
66,33
66,34
66,35
66,36
66,37
66,38
66,39
66,40
66,41
66,42
66,43
66,45
66,46
66,47
66,48
66,49
66,50
66,51
66,52
66,54
66,55
66,56
66,59
66,62
66,64
66,65
67,1
67,2
67,3
67,4
67,6
67,7
67,8
67,9
67,11
67,12
67,13
67,14
67,15
67,17
67,18
67,19
67,20
67,21
67,23
67,24
67,27
67,28
67,29
67,30
67,31
67,32
67,33
67,35
67,36
67,37
67,38
67,39
67,40
67,41
67,42
67,43
67,45
67,46
67,47
67,48
67,49
67,50
67,51
67,54
67,55
67,57
67,59
67,62
67,64
67,65
67,66
68,4
68,5
68,6
68,11
68,12
68,13
68,14
68,16
68,17
68,20
68,21
68,31
68,32
68,39
68,45
68,48
68,58
68,60
68,61
68,62
68,63
68,64
69,1
69,2
69,3
69,6
69,7
69,8
69,9
69,15
69,18
69,22
69,24
69,25
69,27
69,29
69,30
69,35
69,37
69,38
69,41
69,42
69,43
69,47
69,49
69,50
69,51
69,53
69,55
69,57
69,64
69,66
69,67
70,4
70,5
70,6
70,11
70,12
70,13
70,14
70,16
70,17
70,20
70,21
70,31
70,32
70,35
70,37
70,39
70,45
70,48
70,52
70,58
70,60
70,61
70,62
70,63
70,64
70,68
71,4
71,5
71,6
71,9
71,11
71,12
71,13
71,14
71,16
71,17
71,20
71,21
71,28
71,31
71,32
71,34
71,35
71,37
71,39
71,40
71,45
71,46
71,47
71,48
71,51
71,52
71,58
71,60
71,61
71,62
71,63
71,64
71,66
71,67
71,68
71,70
72,1
72,2
72,3
72,7
72,8
72,15
72,18
72,19
72,22
72,24
72,25
72,27
72,29
72,30
72,38
72,41
72,42
72,43
72,49
72,51
72,53
72,57
72,66
72,67
72,69
73,1
73,3
73,7
73,8
73,15
73,18
73,19
73,22
73,24
73,25
73,26
73,27
73,28
73,29
73,30
73,36
73,38
73,40
73,41
73,43
73,46
73,49
73,51
73,53
73,57
73,67
73,69
73,72
74,7
74,10
74,11
74,17
74,19
74,26
74,28
74,29
74,30
74,31
74,32
74,36
74,37
74,38
74,40
74,43
74,45
74,46
74,57
74,64
74,73
75,1
75,2
75,3
75,6
75,7
75,8
75,9
75,11
75,13
75,14
75,15
75,17
75,18
75,19
75,20
75,22
75,24
75,25
75,26
75,27
75,28
75,29
75,30
75,31
75,32
75,33
75,35
75,36
75,37
75,38
75,40
75,41
75,42
75,43
75,46
75,47
75,49
75,50
75,51
75,53
75,55
75,57
75,64
75,66
75,67
75,69
75,72
75,73
76,1
76,2
76,3
76,7
76,8
76,9
76,15
76,18
76,22
76,24
76,25
76,27
76,29
76,30
76,38
76,41
76,42
76,43
76,47
76,49
76,50
76,51
76,53
76,55
76,57
76,66
76,67
76,69
76,72
76,73
76,75
77,4
77,5
77,6
77,11
77,12
77,13
77,14
77,16
77,17
77,20
77,21
77,31
77,34
77,35
77,39
77,45
77,48
77,52
77,58
77,59
77,60
77,61
77,62
77,63
77,68
77,70
77,71
78,1
78,2
78,3
78,6
78,8
78,9
78,13
78,14
78,15
78,18
78,23
78,24
78,25
78,27
78,29
78,33
78,35
78,37
78,38
78,41
78,42
78,43
78,44
78,47
78,49
78,50
78,51
78,54
78,55
78,56
78,59
78,64
78,65
78,66
78,67
78,69
78,72
78,75
78,76
79,2
79,4
79,6
79,9
79,12
79,13
79,14
79,16
79,20
79,21
79,23
79,33
79,34
79,35
79,37
79,39
79,41
79,42
79,44
79,47
79,48
79,50
79,51
79,52
79,54
79,55
79,56
79,58
79,59
79,62
79,63
79,64
79,65
79,66
79,67
79,75
79,78
80,4
80,6
80,9
80,12
80,13
80,14
80,16
80,20
80,21
80,23
80,33
80,34
80,35
80,39
80,42
80,44
80,47
80,48
80,50
80,52
80,54
80,56
80,58
80,59
80,62
80,63
80,64
80,65
80,66
80,70
80,71
80,77
80,79
81,1
81,2
81,3
81,7
81,8
81,9
81,15
81,18
81,19
81,22
81,24
81,25
81,27
81,29
81,30
81,37
81,38
81,41
81,42
81,43
81,47
81,49
81,50
81,51
81,53
81,55
81,57
81,64
81,66
81,67
81,69
81,72
81,73
81,75
81,76
81,78
82,1
82,2
82,3
82,4
82,6
82,7
82,8
82,9
82,11
82,12
82,13
82,14
82,15
82,17
82,18
82,20
82,23
82,24
82,25
82,27
82,28
82,29
82,30
82,31
82,33
82,34
82,35
82,37
82,38
82,40
82,41
82,42
82,43
82,44
82,46
82,47
82,48
82,49
82,50
82,51
82,52
82,54
82,55
82,56
82,59
82,62
82,64
82,65
82,66
82,67
82,69
82,72
82,75
82,76
82,78
82,79
82,80
82,81
83,1
83,2
83,4
83,5
83,6
83,7
83,8
83,9
83,10
83,11
83,12
83,13
83,14
83,15
83,17
83,19
83,20
83,24
83,26
83,27
83,28
83,29
83,30
83,31
83,32
83,35
83,36
83,37
83,38
83,39
83,40
83,41
83,42
83,43
83,45
83,46
83,47
83,49
83,50
83,51
83,57
83,62
83,64
83,66
83,67
83,69
83,71
83,72
83,73
83,74
83,75
83,78
83,81
83,82
84,1
84,7
84,8
84,10
84,15
84,19
84,22
84,25
84,26
84,28
84,29
84,30
84,32
84,36
84,37
84,38
84,40
84,43
84,46
84,49
84,51
84,53
84,57
84,66
84,67
84,69
84,72
84,73
84,74
84,75
84,81
84,83
85,1
85,5
85,6
85,7
85,8
85,9
85,10
85,11
85,14
85,15
85,17
85,19
85,20
85,26
85,28
85,29
85,30
85,31
85,32
85,36
85,37
85,38
85,40
85,42
85,43
85,45
85,46
85,49
85,51
85,57
85,64
85,66
85,67
85,69
85,72
85,73
85,74
85,75
85,81
85,82
85,83
85,84
86,4
86,6
86,9
86,12
86,13
86,14
86,16
86,20
86,21
86,23
86,33
86,34
86,35
86,39
86,42
86,44
86,47
86,48
86,50
86,52
86,54
86,55
86,56
86,58
86,59
86,62
86,63
86,65
86,66
86,78
86,79
86,80
86,82
87,1
87,2
87,3
87,6
87,8
87,9
87,13
87,14
87,15
87,18
87,23
87,24
87,25
87,27
87,29
87,33
87,34
87,35
87,37
87,38
87,41
87,42
87,43
87,44
87,47
87,48
87,49
87,50
87,51
87,52
87,54
87,55
87,56
87,59
87,64
87,65
87,66
87,67
87,69
87,72
87,75
87,76
87,78
87,79
87,80
87,81
87,82
87,83
87,86
88,2
88,6
88,9
88,12
88,13
88,14
88,15
88,18
88,21
88,23
88,24
88,27
88,29
88,33
88,34
88,35
88,37
88,41
88,42
88,44
88,47
88,48
88,50
88,51
88,52
88,54
88,55
88,56
88,59
88,62
88,64
88,65
88,66
88,67
88,69
88,75
88,76
88,78
88,79
88,80
88,81
88,82
88,86
88,87
89,2
89,6
89,9
89,13
89,18
89,23
89,24
89,27
89,33
89,34
89,35
89,41
89,42
89,44
89,47
89,48
89,50
89,51
89,52
89,54
89,55
89,56
89,59
89,65
89,66
89,67
89,69
89,75
89,78
89,79
89,80
89,82
89,86
89,87
89,88
90,2
90,4
90,5
90,6
90,7
90,9
90,11
90,12
90,13
90,14
90,15
90,16
90,17
90,19
90,20
90,21
90,23
90,28
90,29
90,31
90,32
90,33
90,34
90,35
90,36
90,37
90,38
90,39
90,40
90,41
90,42
90,43
90,45
90,46
90,47
90,48
90,49
90,50
90,51
90,52
90,58
90,59
90,62
90,63
90,64
90,65
90,66
90,67
90,68
90,69
90,70
90,71
90,74
90,75
90,78
90,79
90,80
90,82
90,83
90,85
90,87
90,88
90,89
91,4
91,5
91,11
91,12
91,13
91,14
91,16
91,17
91,20
91,21
91,31
91,39
91,45
91,48
91,52
91,58
91,60
91,61
91,62
91,63
91,68
91,70
91,71
91,77
91,80
92,1
92,2
92,3
92,6
92,7
92,8
92,9
92,13
92,14
92,15
92,18
92,19
92,22
92,23
92,24
92,25
92,27
92,28
92,29
92,30
92,33
92,35
92,37
92,38
92,40
92,41
92,42
92,43
92,46
92,47
92,49
92,50
92,51
92,53
92,54
92,55
92,57
92,64
92,65
92,66
92,67
92,69
92,72
92,73
92,75
92,76
92,78
92,79
92,81
92,82
92,83
92,84
92,85
92,87
92,88
92,89
92,90
93,4
93,5
93,6
93,9
93,11
93,12
93,13
93,14
93,16
93,17
93,20
93,21
93,23
93,31
93,33
93,34
93,35
93,37
93,39
93,42
93,44
93,45
93,47
93,48
93,50
93,51
93,52
93,54
93,56
93,58
93,59
93,60
93,61
93,62
93,63
93,64
93,65
93,66
93,67
93,68
93,70
93,71
93,77
93,79
93,80
93,82
93,86
93,88
93,89
93,90
93,91
94,4
94,5
94,6
94,7
94,9
94,10
94,11
94,12
94,13
94,14
94,15
94,17
94,19
94,20
94,21
94,26
94,28
94,29
94,31
94,32
94,35
94,36
94,37
94,38
94,39
94,40
94,42
94,43
94,45
94,46
94,47
94,48
94,49
94,50
94,51
94,57
94,62
94,64
94,66
94,67
94,68
94,69
94,70
94,71
94,74
94,75
94,78
94,82
94,83
94,84
94,85
94,87
94,90
94,92
94,93
95,1
95,2
95,4
95,5
95,6
95,7
95,8
95,9
95,10
95,11
95,13
95,14
95,15
95,17
95,18
95,19
95,20
95,24
95,26
95,27
95,28
95,29
95,30
95,31
95,32
95,35
95,36
95,37
95,38
95,39
95,40
95,41
95,42
95,43
95,45
95,46
95,47
95,49
95,50
95,51
95,57
95,62
95,64
95,66
95,67
95,69
95,71
95,72
95,73
95,74
95,75
95,76
95,78
95,81
95,82
95,83
95,84
95,85
95,87
95,88
95,90
95,92
95,94
96,4
96,5
96,6
96,7
96,9
96,10
96,11
96,12
96,13
96,14
96,15
96,16
96,17
96,19
96,20
96,21
96,26
96,28
96,29
96,31
96,32
96,35
96,36
96,37
96,38
96,39
96,40
96,42
96,45
96,46
96,47
96,48
96,50
96,51
96,62
96,63
96,64
96,66
96,67
96,68
96,70
96,71
96,74
96,75
96,82
96,83
96,84
96,85
96,90
96,92
96,93
96,94
96,95
97,1
97,2
97,3
97,7
97,8
97,9
97,15
97,18
97,19
97,22
97,24
97,25
97,27
97,29
97,30
97,38
97,41
97,42
97,43
97,49
97,51
97,53
97,55
97,57
97,66
97,67
97,69
97,72
97,73
97,75
97,76
97,78
97,81
97,82
97,83
97,84
97,85
97,87
97,92
97,95
98,1
98,2
98,3
98,6
98,7
98,8
98,9
98,11
98,13
98,14
98,15
98,17
98,18
98,19
98,20
98,22
98,23
98,24
98,25
98,27
98,28
98,29
98,30
98,31
98,33
98,35
98,37
98,38
98,40
98,41
98,42
98,43
98,46
98,47
98,49
98,50
98,51
98,53
98,54
98,55
98,57
98,64
98,65
98,66
98,67
98,69
98,72
98,73
98,75
98,76
98,78
98,79
98,81
98,82
98,83
98,84
98,85
98,87
98,88
98,89
98,90
98,92
98,94
98,95
98,96
98,97
99,5
99,7
99,10
99,11
99,17
99,19
99,26
99,28
99,31
99,32
99,36
99,37
99,38
99,40
99,45
99,46
99,57
99,74
99,83
99,84
99,85
99,94
99,95
99,96
100,2
100,4
100,5
100,6
100,7
100,9
100,11
100,12
100,13
100,14
100,15
100,16
100,17
100,20
100,21
100,23
100,28
100,29
100,31
100,32
100,33
100,34
100,35
100,37
100,38
100,39
100,40
100,41
100,42
100,44
100,45
100,46
100,47
100,48
100,50
100,51
100,52
100,54
100,55
100,56
100,58
100,59
100,62
100,63
100,64
100,65
100,66
100,67
100,68
100,69
100,70
100,71
100,75
100,78
100,79
100,80
100,82
100,83
100,85
100,86
100,87
100,88
100,89
100,90
100,92
100,93
100,94
100,95
100,96
100,98
101,1
101,2
101,3
101,7
101,8
101,9
101,10
101,11
101,14
101,15
101,18
101,19
101,22
101,24
101,25
101,26
101,27
101,28
101,29
101,30
101,31
101,32
101,36
101,37
101,38
101,40
101,41
101,42
101,43
101,46
101,49
101,51
101,53
101,57
101,64
101,66
101,67
101,69
101,72
101,73
101,74
101,75
101,76
101,78
101,81
101,82
101,83
101,84
101,85
101,87
101,90
101,92
101,94
101,95
101,96
101,97
101,98
101,99
101,100
102,1
102,2
102,3
102,4
102,6
102,7
102,8
102,9
102,11
102,12
102,13
102,14
102,15
102,17
102,18
102,19
102,20
102,21
102,23
102,24
102,25
102,27
102,28
102,29
102,30
102,31
102,32
102,33
102,35
102,37
102,38
102,39
102,40
102,41
102,42
102,43
102,46
102,47
102,48
102,49
102,50
102,51
102,54
102,55
102,56
102,57
102,59
102,62
102,64
102,65
102,66
102,67
102,69
102,71
102,72
102,73
102,75
102,76
102,78
102,79
102,81
102,82
102,83
102,84
102,85
102,87
102,88
102,89
102,90
102,92
102,93
102,94
102,95
102,96
102,97
102,98
102,100
102,101
103,4
103,5
103,10
103,11
103,12
103,14
103,16
103,17
103,20
103,21
103,28
103,31
103,32
103,36
103,37
103,39
103,40
103,45
103,46
103,58
103,60
103,61
103,62
103,63
103,64
103,68
103,70
103,71
103,77
103,83
103,90
103,91
103,94
103,96
103,99
103,100
104,4
104,5
104,6
104,9
104,11
104,12
104,13
104,14
104,16
104,17
104,20
104,21
104,23
104,29
104,31
104,32
104,33
104,34
104,35
104,37
104,39
104,40
104,42
104,44
104,45
104,46
104,47
104,48
104,50
104,51
104,52
104,54
104,56
104,58
104,59
104,62
104,63
104,64
104,65
104,66
104,67
104,68
104,70
104,71
104,75
104,77
104,78
104,79
104,80
104,82
104,83
104,86
104,87
104,88
104,89
104,90
104,91
104,92
104,93
104,94
104,95
104,96
104,98
104,100
104,102
104,103
105,1
105,2
105,4
105,6
105,9
105,11
105,12
105,13
105,14
105,15
105,17
105,18
105,20
105,21
105,23
105,24
105,27
105,29
105,33
105,34
105,35
105,37
105,38
105,39
105,41
105,42
105,44
105,47
105,48
105,50
105,51
105,52
105,54
105,55
105,56
105,59
105,62
105,64
105,65
105,66
105,67
105,69
105,75
105,76
105,78
105,79
105,80
105,81
105,82
105,83
105,86
105,87
105,88
105,89
105,90
105,92
105,93
105,94
105,95
105,96
105,98
105,100
105,102
105,104
106,1
106,2
106,3
106,7
106,8
106,15
106,18
106,22
106,24
106,25
106,27
106,29
106,30
106,38
106,41
106,42
106,43
106,49
106,51
106,53
106,55
106,57
106,66
106,67
106,69
106,72
106,73
106,75
106,76
106,78
106,81
106,82
106,84
106,87
106,92
106,95
106,97
106,98
106,101
106,102
107,4
107,5
107,6
107,7
107,9
107,10
107,11
107,14
107,17
107,19
107,20
107,26
107,28
107,29
107,31
107,32
107,36
107,37
107,38
107,39
107,40
107,43
107,45
107,46
107,51
107,57
107,64
107,66
107,67
107,71
107,74
107,75
107,82
107,83
107,84
107,85
107,90
107,94
107,95
107,96
107,98
107,99
107,100
107,101
107,102
107,103
107,104
108,4
108,5
108,6
108,7
108,9
108,10
108,11
108,12
108,13
108,14
108,16
108,17
108,19
108,20
108,21
108,26
108,28
108,29
108,31
108,32
108,35
108,36
108,37
108,38
108,39
108,40
108,42
108,45
108,46
108,47
108,48
108,50
108,51
108,58
108,62
108,63
108,64
108,66
108,67
108,68
108,70
108,71
108,74
108,75
108,77
108,82
108,83
108,85
108,90
108,91
108,92
108,93
108,94
108,95
108,96
108,98
108,99
108,100
108,101
108,102
108,103
108,104
108,105
108,107
109,1
109,2
109,3
109,4
109,6
109,7
109,8
109,9
109,11
109,12
109,13
109,14
109,15
109,17
109,18
109,20
109,21
109,23
109,24
109,25
109,27
109,28
109,29
109,30
109,31
109,32
109,33
109,34
109,35
109,37
109,38
109,39
109,40
109,41
109,42
109,43
109,44
109,46
109,47
109,48
109,49
109,50
109,51
109,52
109,54
109,55
109,56
109,59
109,62
109,64
109,65
109,66
109,67
109,69
109,71
109,72
109,73
109,75
109,76
109,78
109,79
109,80
109,81
109,82
109,83
109,85
109,86
109,87
109,88
109,89
109,90
109,92
109,93
109,94
109,95
109,96
109,97
109,98
109,100
109,101
109,102
109,104
109,105
109,106
109,107
109,108
110,1
110,2
110,3
110,7
110,8
110,15
110,18
110,19
110,22
110,24
110,25
110,27
110,29
110,30
110,38
110,41
110,42
110,43
110,49
110,51
110,53
110,55
110,57
110,66
110,67
110,69
110,72
110,73
110,75
110,76
110,78
110,81
110,82
110,83
110,84
110,85
110,87
110,92
110,95
110,97
110,98
110,101
110,102
110,106
110,109
111,1
111,2
111,3
111,6
111,7
111,8
111,9
111,14
111,15
111,18
111,19
111,22
111,24
111,25
111,27
111,28
111,29
111,30
111,35
111,37
111,38
111,40
111,41
111,42
111,43
111,46
111,47
111,49
111,50
111,51
111,53
111,55
111,57
111,64
111,66
111,67
111,69
111,72
111,73
111,75
111,76
111,78
111,79
111,81
111,82
111,83
111,84
111,85
111,87
111,88
111,89
111,90
111,92
111,94
111,95
111,96
111,97
111,98
111,100
111,101
111,102
111,104
111,105
111,106
111,107
111,108
111,109
111,110
112,4
112,5
112,6
112,11
112,12
112,13
112,14
112,16
112,17
112,20
112,21
112,31
112,32
112,35
112,37
112,39
112,40
112,45
112,46
112,48
112,58
112,60
112,61
112,62
112,63
112,64
112,68
112,70
112,71
112,77
112,90
112,91
112,93
112,94
112,96
112,100
112,103
112,104
112,107
112,108
113,2
113,4
113,6
113,9
113,12
113,13
113,14
113,16
113,20
113,21
113,23
113,33
113,34
113,35
113,37
113,39
113,41
113,42
113,44
113,47
113,48
113,50
113,51
113,52
113,54
113,55
113,56
113,58
113,59
113,62
113,63
113,64
113,65
113,66
113,67
113,75
113,78
113,79
113,80
113,82
113,86
113,87
113,88
113,89
113,90
113,92
113,93
113,98
113,100
113,102
113,104
113,105
113,109
113,111
114,4
114,5
114,6
114,11
114,12
114,13
114,14
114,16
114,17
114,20
114,21
114,31
114,33
114,34
114,35
114,39
114,45
114,48
114,52
114,58
114,59
114,60
114,61
114,62
114,63
114,64
114,68
114,70
114,71
114,77
114,80
114,86
114,90
114,91
114,93
114,96
114,100
114,103
114,104
114,108
114,112
115,4
115,5
115,6
115,7
115,9
115,10
115,11
115,12
115,13
115,14
115,16
115,17
115,20
115,21
115,28
115,29
115,31
115,32
115,33
115,34
115,35
115,36
115,37
115,38
115,39
115,40
115,42
115,45
115,46
115,47
115,48
115,50
115,51
115,52
115,58
115,59
115,62
115,63
115,64
115,66
115,67
115,68
115,70
115,71
115,74
115,75
115,77
115,78
115,79
115,80
115,82
115,83
115,85
115,87
115,88
115,90
115,91
115,92
115,93
115,94
115,95
115,96
115,98
115,99
115,100
115,101
115,102
115,103
115,104
115,105
115,107
115,108
115,109
115,111
115,112
115,113
115,114
116,1
116,7
116,8
116,9
116,10
116,11
116,14
116,15
116,17
116,19
116,26
116,28
116,29
116,30
116,31
116,32
116,36
116,37
116,38
116,40
116,43
116,46
116,49
116,51
116,57
116,64
116,66
116,67
116,72
116,73
116,74
116,75
116,81
116,83
116,84
116,85
116,90
116,92
116,94
116,95
116,96
116,98
116,99
116,100
116,101
116,102
116,107
116,108
116,109
116,111
116,115
117,4
117,6
117,9
117,12
117,13
117,14
117,16
117,21
117,23
117,33
117,34
117,35
117,42
117,44
117,47
117,48
117,50
117,52
117,54
117,55
117,56
117,58
117,59
117,62
117,63
117,65
117,66
117,78
117,79
117,80
117,82
117,86
117,87
117,88
117,89
117,93
117,100
117,102
117,104
117,105
117,109
117,113
118,1
118,2
118,3
118,7
118,8
118,15
118,18
118,19
118,22
118,24
118,25
118,27
118,29
118,30
118,38
118,41
118,42
118,43
118,49
118,51
118,53
118,55
118,57
118,66
118,67
118,69
118,72
118,73
118,75
118,76
118,78
118,81
118,82
118,83
118,84
118,85
118,87
118,92
118,95
118,97
118,98
118,101
118,102
118,106
118,109
118,110
118,111
118,116
119,2
119,4
119,6
119,9
119,11
119,12
119,13
119,14
119,16
119,17
119,20
119,21
119,23
119,29
119,31
119,33
119,34
119,35
119,37
119,39
119,41
119,42
119,44
119,47
119,48
119,50
119,51
119,52
119,54
119,55
119,56
119,58
119,59
119,62
119,63
119,64
119,65
119,66
119,67
119,70
119,71
119,75
119,77
119,78
119,79
119,80
119,82
119,83
119,86
119,87
119,88
119,89
119,90
119,92
119,93
119,94
119,95
119,96
119,98
119,100
119,102
119,104
119,105
119,108
119,109
119,111
119,113
119,114
119,115
119,117
120,1
120,2
120,3
120,7
120,8
120,9
120,15
120,18
120,19
120,22
120,24
120,25
120,26
120,27
120,28
120,29
120,30
120,36
120,37
120,38
120,40
120,41
120,42
120,43
120,46
120,49
120,51
120,53
120,57
120,64
120,66
120,67
120,69
120,72
120,73
120,74
120,75
120,76
120,78
120,81
120,82
120,83
120,84
120,85
120,87
120,90
120,92
120,94
120,95
120,97
120,98
120,101
120,102
120,106
120,107
120,109
120,110
120,111
120,116
120,118
121,1
121,2
121,4
121,6
121,8
121,9
121,11
121,12
121,13
121,14
121,15
121,16
121,17
121,18
121,20
121,21
121,23
121,24
121,27
121,28
121,29
121,31
121,33
121,34
121,35
121,37
121,38
121,39
121,40
121,41
121,42
121,43
121,44
121,46
121,47
121,48
121,49
121,50
121,51
121,52
121,54
121,55
121,56
121,59
121,62
121,64
121,65
121,66
121,67
121,69
121,71
121,75
121,76
121,78
121,79
121,80
121,81
121,82
121,83
121,85
121,86
121,87
121,88
121,89
121,90
121,92
121,93
121,94
121,95
121,96
121,98
121,100
121,101
121,102
121,104
121,105
121,108
121,109
121,111
121,113
121,115
121,117
121,119
121,120
122,1
122,2
122,3
122,6
122,8
122,9
122,13
122,14
122,15
122,18
122,23
122,24
122,25
122,27
122,29
122,33
122,34
122,35
122,37
122,38
122,41
122,42
122,43
122,44
122,47
122,48
122,49
122,50
122,51
122,54
122,55
122,56
122,59
122,64
122,65
122,66
122,67
122,69
122,72
122,75
122,76
122,78
122,79
122,80
122,81
122,82
122,86
122,87
122,88
122,89
122,90
122,92
122,95
122,97
122,98
122,100
122,102
122,104
122,105
122,106
122,109
122,110
122,111
122,113
122,117
122,118
122,119
122,121
123,5
123,7
123,10
123,11
123,14
123,17
123,19
123,20
123,26
123,28
123,31
123,32
123,36
123,37
123,40
123,45
123,46
123,64
123,71
123,74
123,83
123,85
123,90
123,94
123,95
123,96
123,99
123,103
123,107
123,108
123,112
123,115
123,116
124,4
124,5
124,10
124,11
124,14
124,17
124,19
124,20
124,26
124,28
124,31
124,32
124,36
124,37
124,39
124,40
124,45
124,46
124,64
124,68
124,70
124,71
124,74
124,83
124,85
124,90
124,94
124,95
124,96
124,99
124,103
124,107
124,108
124,112
124,115
124,116
124,123
125,2
125,6
125,9
125,12
125,13
125,14
125,18
125,21
125,23
125,24
125,27
125,33
125,34
125,35
125,37
125,41
125,42
125,44
125,47
125,48
125,50
125,51
125,52
125,54
125,55
125,56
125,59
125,62
125,64
125,65
125,66
125,67
125,69
125,75
125,78
125,79
125,80
125,82
125,86
125,87
125,88
125,89
125,90
125,92
125,93
125,98
125,100
125,102
125,104
125,105
125,109
125,111
125,113
125,117
125,119
125,121
125,122
